fiscal_year,department,course_number,course_name,a_plus,a,a_minus,b_plus,b,b_minus,c_plus,c,c_minus,d,p_plus,p,f,w,wf,i,gpa_count,non_gpa_count,unknown_count,total_count,source_sheet,source_row,notes,unlabeled_18
2022,Computer Science,CS100,Computer Science Inquiry,0,79,38,22,28,12,4,8,6,5,0,0,0,3,0,0,202,3,0,205,FY22,3,,
2022,Computer Science,CS205,Object Oriented Programming,0,41,13,8,4,5,2,4,2,0,0,1,0,0,0,0,79,1,0,80,FY22,4,,
2022,Computer Science,CS235,Web Technologies,0,4,7,3,7,2,1,1,1,0,0,0,0,0,0,0,26,0,0,26,FY22,5,,
2022,Computer Science,CS305,Advanced Programming,0,3,13,3,8,1,2,0,0,0,0,0,0,0,2,0,30,2,0,32,FY22,6,,
2022,Computer Science,CS421,CS Seminar: Android Apps Development,0,2,5,2,2,1,1,0,0,0,0,0,0,0,0,0,13,0,0,13,FY22,7,,
2022,Computer Science,CS422,CS Seminar: UNIX/Linux and Cybersecurity,0,1,7,4,4,0,0,1,1,0,0,0,0,0,0,0,18,0,0,18,FY22,8,,
2022,Computer Science,CS431,CS Seminar: Machine Learning,0,14,0,0,0,0,0,0,0,0,0,0,0,0,0,0,14,0,0,14,FY22,9,,
2022,Computer Science,CS801,Independent Study in Computer Science,0,0,0,0,0,0,0,0,0,0,0,1,0,0,0,0,0,1,0,1,FY22,10,,
2022,Computer Science,CS802,Independent Study in Computer Science,0,0,0,0,0,0,0,0,0,0,0,1,0,0,0,0,0,1,0,1,FY22,11,,
2022,Mathematics,MAT101,Geometry I/II,0,4,2,4,5,2,2,4,0,0,0,0,0,0,0,0,23,0,0,23,FY22,12,,
2022,Mathematics,MAT110,Mathematical Investigations I/II,0,0,9,8,16,11,6,12,7,9,0,0,0,1,0,0,78,1,0,79,FY22,13,,
2022,Mathematics,MAT121,Mathematical Investigations II,0,18,15,18,14,6,3,3,4,8,0,0,0,1,0,0,89,1,0,90,FY22,14,,
2022,Mathematics,MAT122,Mathematical Investigations II,0,7,2,1,4,3,1,3,0,0,0,0,0,0,0,0,21,0,0,21,FY22,15,,
2022,Mathematics,MAT131,Mathematical Investigations III,0,21,11,8,10,4,8,10,6,7,0,0,0,1,0,0,85,1,0,86,FY22,16,,
2022,Mathematics,MAT132,Mathematical Investigations III,0,13,7,13,11,4,7,13,5,9,0,0,0,3,0,0,82,3,0,85,FY22,17,,
2022,Mathematics,MAT141,Mathematical Investigations IV,0,50,20,11,25,2,9,9,3,2,0,0,0,1,0,0,131,1,3,135,FY22,18,Includes counts in an unlabeled workbook column; excluded from GPA charts.,3
2022,Mathematics,MAT142,Mathematical Investigations IV,0,17,11,6,7,4,8,10,5,1,0,0,0,2,0,0,69,2,0,71,FY22,19,,
2022,Mathematics,MAT211,AB Calculus I,0,6,3,3,7,6,2,0,0,0,0,0,0,0,0,0,27,0,0,27,FY22,20,,
2022,Mathematics,MAT222,AB Calculus II,0,3,4,5,8,3,4,2,0,0,0,0,0,0,0,0,29,0,0,29,FY22,21,,
2022,Mathematics,MAT311,BC Calculus I,0,15,7,4,6,3,3,5,3,3,0,0,0,0,0,0,49,0,0,49,FY22,22,,
2022,Mathematics,MAT312,BC Calculus I,0,12,9,8,22,8,4,13,5,8,0,1,0,3,0,0,89,4,0,93,FY22,23,,
2022,Mathematics,MAT321,BC Calculus II,0,21,7,8,14,8,5,5,7,9,0,0,0,0,0,0,84,0,0,84,FY22,24,,
2022,Mathematics,MAT322,BC Calculus II,0,21,4,5,11,5,3,0,3,0,0,0,0,0,1,0,52,1,0,53,FY22,25,,
2022,Mathematics,MAT331,BC Calculus III,0,11,5,5,3,7,2,1,2,0,0,0,0,0,0,0,36,0,0,36,FY22,26,,
2022,Mathematics,MAT332,BC Calculus III,0,14,19,6,18,8,3,5,1,0,0,0,0,2,0,0,74,2,0,76,FY22,27,,
2022,Mathematics,MAT362,BC Calculus I/II,0,9,5,3,2,0,1,1,0,0,0,0,0,0,0,0,21,0,0,21,FY22,28,,
2022,Mathematics,MAT371,BC Calculus II/III,0,8,8,2,5,1,0,0,0,0,0,0,0,0,0,0,24,0,0,24,FY22,29,,
2022,Mathematics,MAT411,Statistical Exploration and Description,0,67,1,0,2,0,0,0,0,0,0,0,0,0,0,0,70,0,0,70,FY22,30,,
2022,Mathematics,MAT412,Statistical Experimentation & Inference,0,41,6,1,0,0,0,0,0,0,0,0,0,0,0,0,48,0,0,48,FY22,31,,
2022,Mathematics,MAT421,Number Theory,0,4,3,0,1,0,0,0,0,0,0,2,0,0,0,0,8,2,0,10,FY22,32,,
2022,Mathematics,MAT425,Problem Solving,0,9,4,2,0,0,1,0,0,0,0,0,0,0,0,0,16,0,0,16,FY22,33,,
2022,Mathematics,MAT435,Discrete Mathematics,0,3,4,0,2,1,1,1,1,2,0,0,0,0,0,0,15,0,1,16,FY22,34,Includes counts in an unlabeled workbook column; excluded from GPA charts.,1
2022,Mathematics,MAT441,Multi-Variable Calculus,0,6,5,2,3,0,0,0,0,0,0,0,0,0,0,0,16,0,0,16,FY22,35,,
2022,Mathematics,MAT442,Multi-Variable Calculus,0,21,7,5,4,5,3,1,2,0,0,2,0,0,0,0,48,2,0,50,FY22,36,,
2022,Mathematics,MAT445,Theory of Analysis,0,8,2,1,1,0,0,0,0,0,0,0,0,0,0,0,12,0,0,12,FY22,37,,
2022,Mathematics,MAT452,Differential Equations,0,28,10,4,2,0,1,0,1,0,0,0,0,0,0,0,46,0,0,46,FY22,38,,
2022,Mathematics,MAT473,Linear Algebra,0,13,8,4,6,2,0,2,0,0,0,0,0,0,0,0,35,0,0,35,FY22,39,,
2022,Mathematics,MAT812,Independent Study in Mathematics,0,0,0,0,0,0,0,0,0,0,1,0,0,0,0,0,0,1,0,1,FY22,40,,
2022,English,ENG101,Literary Explorations I,0,64,63,38,31,15,5,4,0,3,0,0,0,0,0,0,223,0,0,223,FY22,41,,
2022,English,ENG102,Literary Explorations II,0,77,66,22,29,12,5,2,0,1,0,0,0,3,0,0,214,3,0,217,FY22,42,,
2022,English,ENG201a,Literary Explorations III: American,0,25,23,16,10,2,1,0,0,2,0,0,0,0,0,0,79,0,0,79,FY22,43,,
2022,English,ENG201b,Literary Explorations III: British,0,27,8,2,0,2,1,0,0,1,0,0,0,0,0,0,41,0,0,41,FY22,44,,
2022,English,ENG201c,Literary Explorations III: World,0,26,35,12,15,7,0,0,0,0,0,0,0,0,0,0,95,0,0,95,FY22,45,,
2022,English,ENG212,Creative Writing Workshop,0,32,28,16,5,3,3,2,0,1,0,0,0,0,0,0,90,0,0,90,FY22,46,,
2022,English,ENG242,Modern Theater,0,4,6,8,12,0,1,1,0,0,0,0,0,1,0,0,32,1,0,33,FY22,47,,
2022,English,ENG301,Modern World Fiction,0,23,7,5,2,3,0,3,1,1,0,0,0,0,0,0,45,0,0,45,FY22,48,,
2022,English,ENG315,Shakespeare,0,27,12,2,3,1,0,0,1,0,0,0,0,0,0,0,46,0,0,46,FY22,49,,
2022,English,ENG325,Digital Literary Studies,0,48,26,5,3,5,1,2,1,0,0,0,0,0,0,0,91,0,0,91,FY22,50,,
2022,English,ENG341,Gender Studies,0,22,16,2,1,0,0,0,0,0,0,0,0,0,0,0,41,0,0,41,FY22,51,,
2022,English,ENG351,Graphic Novels: Image and Text,0,12,30,18,14,6,1,2,0,0,0,0,0,1,0,0,83,1,0,84,FY22,52,,
2022,English,ENG365,Speculative Fiction Studies,0,12,24,6,4,1,0,0,1,0,0,0,0,0,0,0,48,0,0,48,FY22,53,,
2022,English,ENG401b,Authors & Topics: Satire,0,28,32,19,8,5,1,0,0,0,0,0,0,0,0,0,93,0,0,93,FY22,54,,
2022,English,ENG502,The Idea of the Individual,0,4,3,4,7,0,0,2,0,1,0,0,0,1,0,0,21,1,0,22,FY22,55,,
2022,English,ENG512,Victorian Fiction,0,4,6,2,6,3,0,0,0,0,0,0,0,0,1,0,21,1,0,22,FY22,56,,
2022,Fine Arts,FAR100,Concert Band,0,33,2,0,0,0,0,0,0,0,0,0,0,1,0,0,35,1,0,36,FY22,57,,
2022,Fine Arts,FAR110,Wind Ensemble,0,50,1,0,0,0,0,0,0,0,0,0,0,0,0,0,51,0,0,51,FY22,58,,
2022,Fine Arts,FAR120,String Orchestra,0,20,3,0,0,0,0,1,0,0,0,0,0,1,0,0,24,1,0,25,FY22,59,,
2022,Fine Arts,FAR130,Chamber Strings,0,26,2,0,1,0,0,0,0,0,0,0,0,0,0,0,29,0,0,29,FY22,60,,
2022,Fine Arts,FAR200,Concert Choir,0,12,1,1,1,1,0,0,0,0,0,0,0,0,0,0,16,0,0,16,FY22,61,,
2022,Fine Arts,FAR210,Chamber Choir,0,11,0,0,0,0,0,0,0,0,0,0,0,0,0,0,11,0,0,11,FY22,62,,
2022,Fine Arts,FAR301,Music Theory,0,6,2,0,0,0,0,0,0,0,0,0,0,0,0,0,8,0,0,8,FY22,63,,
2022,Fine Arts,FAR411,Observational Drawing,0,15,1,0,0,0,0,0,0,0,0,0,0,0,0,0,16,0,0,16,FY22,64,,
2022,Fine Arts,FAR416,Digital Photography,0,62,5,2,0,1,0,0,0,0,0,0,0,0,0,0,70,0,0,70,FY22,65,,
2022,Fine Arts,FAR421,Scientific Illustration,0,18,1,0,0,0,0,0,0,0,0,0,0,0,0,0,19,0,0,19,FY22,66,,
2022,Fine Arts,FAR450,3D Design Foundations,0,16,2,0,0,1,0,0,0,0,0,0,0,0,0,0,19,0,0,19,FY22,67,,
2022,Fine Arts,FAR452,Graphic Design & Technology,0,18,0,1,0,0,0,0,0,0,0,0,0,0,0,0,19,0,0,19,FY22,68,,
2022,Fine Arts,FAR811,Independent Study in Art,0,0,0,0,0,0,0,0,0,0,0,1,0,0,0,0,0,1,0,1,FY22,69,,
2022,Fine Arts,FAR812,Independent Study in Art,0,0,0,0,0,0,0,0,0,0,0,1,0,0,0,0,0,1,0,1,FY22,70,,
2022,History and Social Sciences,HSS100,American Studies,0,73,46,38,29,13,2,9,6,7,0,0,0,3,0,0,223,3,0,226,FY22,71,,
2022,History and Social Sciences,HSS201a,Ancient World Religion and Philosophy,0,45,35,4,5,2,0,0,0,1,0,0,0,0,0,0,92,0,0,92,FY22,72,,
2022,History and Social Sciences,HSS201b,Conflict in World History,0,8,15,4,11,7,0,0,0,1,0,0,0,0,0,0,46,0,0,46,FY22,73,,
2022,History and Social Sciences,HSS201g,Historic Global Commodities and Culture,0,12,1,5,3,1,0,0,0,1,0,0,0,0,0,0,23,0,0,23,FY22,74,,
2022,History and Social Sciences,HSS201h,Ancient Epics,0,12,7,1,0,0,0,0,0,0,0,0,0,0,0,0,20,0,0,20,FY22,75,,
2022,History and Social Sciences,HSS201i,Revolutions,0,11,11,5,3,1,1,1,0,0,0,0,0,0,0,0,33,0,0,33,FY22,76,,
2022,History and Social Sciences,HSS202,The World in the Twentieth Century,0,119,35,24,18,5,1,4,2,3,0,0,0,1,0,0,211,1,0,212,FY22,77,,
2022,History and Social Sciences,HSS311,Political Theory,0,18,12,2,5,5,1,2,2,0,0,0,0,0,0,0,47,0,0,47,FY22,78,,
2022,History and Social Sciences,HSS325,Modern Economics,0,45,31,3,0,0,2,0,0,0,0,0,0,0,0,0,81,0,0,81,FY22,79,,
2022,History and Social Sciences,HSS326,Modern Economics,0,36,13,5,6,0,0,2,1,0,0,0,0,0,0,0,63,0,0,63,FY22,80,,
2022,History and Social Sciences,HSS335,America in the Contemporary World,0,29,15,2,1,1,1,1,0,0,0,0,0,0,0,0,50,0,0,50,FY22,81,,
2022,History and Social Sciences,HSS352,History of Technology and Culture,0,14,16,9,6,1,3,2,1,0,0,0,0,0,0,0,52,0,0,52,FY22,82,,
2022,History and Social Sciences,HSS361,US Government and the Constitution,0,20,1,2,0,0,1,0,0,1,0,0,0,0,0,0,25,0,0,25,FY22,83,,
2022,History and Social Sciences,HSS393,History of the Environment,0,27,13,6,2,0,0,0,0,2,0,0,0,0,0,0,50,0,0,50,FY22,84,,
2022,History and Social Sciences,HSS394,"Modern Conflict, Insurgency & Terrorism",0,10,20,3,3,3,1,0,0,2,0,0,0,0,0,0,42,0,0,42,FY22,85,,
2022,History and Social Sciences,HSS801,Independent Study in History/Social Sci,0,0,0,0,0,0,0,0,0,0,1,5,0,0,0,0,0,6,0,6,FY22,86,,
2022,History and Social Sciences,HSS802,Independent Study in History/Social Sci,0,0,0,0,0,0,0,0,0,0,0,4,0,0,0,0,0,4,0,4,FY22,87,,
2022,Science,SCI105,Scientific Inquiries - Chemistry,0,95,28,20,18,17,13,7,8,7,0,0,0,5,0,0,213,5,1,219,FY22,88,Includes counts in an unlabeled workbook column; excluded from GPA charts.,1
2022,Science,SCI115,Scientific Inquiries - Physics,0,87,35,23,30,16,7,8,2,2,0,0,0,3,0,0,210,3,0,213,FY22,89,,
2022,Science,SCI135,Methods in Scientific Inquiry,0,91,38,27,29,19,5,3,3,3,0,0,0,2,0,0,218,2,0,220,FY22,90,,
2022,Science,SCI201,Adv. Chemistry--Structure and Properties,0,17,20,5,12,6,1,6,2,1,0,0,0,0,0,0,70,0,0,70,FY22,91,,
2022,Science,SCI202,Advanced Chemistry--Chemical Reactions,0,15,22,7,13,6,2,2,1,0,0,1,0,0,0,0,68,1,0,69,FY22,92,,
2022,Science,SCI215,Organic Chemistry I,0,15,11,5,5,4,2,1,2,0,0,0,0,0,0,0,45,0,0,45,FY22,93,,
2022,Science,SCI222,Organic Chemistry II,0,17,9,2,2,1,0,0,1,0,0,0,0,0,0,0,32,0,0,32,FY22,94,,
2022,Science,SCI235,Biochemistry,0,25,12,8,17,8,1,0,0,0,0,1,0,0,0,0,71,1,0,72,FY22,95,,
2022,Science,SCI245,Environmental Chemistry,0,20,10,1,4,2,2,0,0,0,0,0,0,0,0,0,39,0,0,39,FY22,96,,
2022,Science,SCI255,Medicinal Chemistry,0,34,5,5,7,1,0,2,1,1,0,0,0,0,0,0,56,0,0,56,FY22,97,,
2022,Science,SCI315,Microcontroller Applications (Science),0,10,5,0,1,0,0,0,0,0,0,0,0,0,0,0,16,0,0,16,FY22,98,,
2022,Science,SCI325,Geology,0,4,0,3,2,0,0,0,0,0,0,0,0,0,0,0,9,0,0,9,FY22,99,,
2022,Science,SCI402,Physics: Sound and Light,0,25,16,5,8,2,1,2,0,0,0,0,0,0,0,0,59,0,0,59,FY22,100,,
2022,Science,SCI411,Physics: Calculus-based Mechanics,0,24,12,13,8,2,1,1,0,0,0,0,0,0,0,0,61,0,0,61,FY22,101,,
2022,Science,SCI412,Physics: Calculus-based Elec & Magnetism,0,30,5,3,2,1,0,1,0,0,0,4,0,0,0,0,42,4,0,46,FY22,102,,
2022,Science,SCI425,Planetary Science,0,9,10,8,7,1,0,0,1,1,0,1,0,0,0,0,37,1,0,38,FY22,103,,
2022,Science,SCI445,Modern Physics,0,4,8,10,7,2,3,1,1,0,0,1,0,1,0,0,36,2,0,38,FY22,104,,
2022,Science,SCI455,Engineering,0,44,18,4,4,1,2,1,0,0,0,0,0,2,0,0,74,2,0,76,FY22,105,,
2022,Science,SCI505,Computational Science,0,7,9,2,8,4,1,1,0,1,0,2,0,0,0,0,33,2,0,35,FY22,106,,
2022,Science,SCI600,Advanced Biological Systems,0,170,62,32,31,20,9,14,8,4,0,0,0,2,0,0,350,2,0,352,FY22,107,,
2022,Science,SCI605,"Evolution, Biodiversity, and Ecology",0,25,1,0,1,1,1,0,0,0,0,0,0,0,0,0,29,0,0,29,FY22,108,,
2022,Science,SCI616,Cancer Biology,0,17,6,2,2,0,1,0,0,0,0,0,0,0,0,0,28,0,0,28,FY22,109,,
2022,Science,SCI625,Microbes and Disease,0,3,5,4,3,2,1,0,1,0,0,0,0,0,0,0,19,0,0,19,FY22,110,,
2022,Science,SCI636,Pathophysiology,0,12,6,5,2,1,1,0,0,0,0,0,0,0,0,0,27,0,0,27,FY22,111,,
2022,Science,SCI645,Biology of Behavior,0,19,5,1,0,4,0,3,1,0,0,0,0,0,0,0,33,0,0,33,FY22,112,,
2022,Science,SCI811,Independent Study in Chemistry,0,0,0,0,0,0,0,0,0,0,0,2,0,0,0,0,0,2,0,2,FY22,113,,
2022,Science,SCI812,Independent Study in Chemistry,0,0,0,0,0,0,0,0,0,0,0,2,0,0,0,0,0,2,0,2,FY22,114,,
2022,Science,SCI821,Independent Study in Physics,0,0,0,0,0,0,0,0,0,0,0,6,0,0,0,0,0,6,0,6,FY22,115,,
2022,Science,SCI822,Independent Study in Physics,0,0,0,0,0,0,0,0,0,0,0,5,0,0,0,0,0,5,0,5,FY22,116,,
2022,Science,SCI831,Independent Study in Biology,0,0,0,0,0,0,0,0,0,0,0,1,0,0,0,0,0,1,0,1,FY22,117,,
2022,Wellness,WEL105,Moving and Learning,0,91,0,0,94,0,0,30,0,0,0,0,0,2,0,0,215,2,0,217,FY22,118,,
2022,Wellness,WEL231,Outdoor and Indoor Games,0,102,0,0,10,0,0,3,0,1,0,0,0,0,0,0,116,0,0,116,FY22,119,,
2022,Wellness,WEL251,Stress Management for Life,0,25,0,0,12,0,0,4,0,0,0,0,0,0,0,0,41,0,0,41,FY22,120,,
2022,Wellness,WEL525,Movement and Relaxation,0,28,0,0,4,0,0,6,0,2,0,0,0,0,0,0,40,0,0,40,FY22,121,,
2023,Computer Science,CS100,Computer Science Inquiry,0,97,47,14,26,5,9,8,3,4,0,0,0,1,0,0,213,1,0,214,FY23,3,,
2023,Computer Science,CS205,Object Oriented Programming,0,52,18,3,6,2,4,1,2,2,0,0,0,2,0,0,90,2,0,92,FY23,4,,
2023,Computer Science,CS235,Web Technologies,0,2,5,8,4,2,2,1,2,0,0,0,0,1,0,0,26,1,0,27,FY23,5,,
2023,Computer Science,CS305,Advanced Programming,0,6,3,0,1,2,0,0,0,0,0,0,0,0,0,0,12,0,0,12,FY23,6,,
2023,Computer Science,CS315,Microcontroller Applications (CS),0,2,4,1,2,0,1,0,1,0,0,0,0,0,0,0,11,0,0,11,FY23,7,,
2023,Computer Science,CS422,CS Seminar: UNIX/Linux and Cybersecurity,0,1,5,4,3,0,0,2,1,0,0,0,0,0,0,0,16,0,0,16,FY23,8,,
2023,Computer Science,CS431,CS Seminar: Machine Learning,0,42,3,0,0,0,0,0,0,0,0,0,0,0,0,0,45,0,0,45,FY23,9,,
2023,Mathematics,MAT101,Geometry I/II,0,9,4,3,1,2,2,1,0,3,0,0,0,0,0,0,25,0,0,25,FY23,10,,
2023,Mathematics,MAT110,Mathematical Investigations I/II,0,6,10,10,11,5,7,7,3,3,0,0,0,2,0,0,62,2,0,64,FY23,11,,
2023,Mathematics,MAT121,Mathematical Investigations II,0,12,13,20,23,6,4,5,4,0,0,0,0,0,0,0,87,0,0,87,FY23,12,,
2023,Mathematics,MAT122,Mathematical Investigations II,0,2,4,2,4,0,1,3,4,0,0,0,0,0,0,0,20,0,0,20,FY23,13,,
2023,Mathematics,MAT131,Mathematical Investigations III,0,26,12,14,10,7,8,6,15,5,0,0,0,1,0,0,103,1,0,104,FY23,14,,
2023,Mathematics,MAT132,Mathematical Investigations III,0,31,15,15,16,2,3,2,5,3,0,0,0,2,0,0,92,2,0,94,FY23,15,,
2023,Mathematics,MAT141,Mathematical Investigations IV,0,55,14,9,13,5,4,3,6,2,0,0,0,1,0,0,111,1,0,112,FY23,16,,
2023,Mathematics,MAT142,Mathematical Investigations IV,0,17,11,10,10,8,7,5,9,1,0,0,0,13,0,0,78,13,0,91,FY23,17,,
2023,Mathematics,MAT211,AB Calculus I,0,5,12,10,8,8,2,1,1,0,0,0,0,0,0,0,47,0,0,47,FY23,18,,
2023,Mathematics,MAT222,AB Calculus II,0,3,9,10,9,10,4,2,0,0,0,0,0,2,0,0,47,2,0,49,FY23,19,,
2023,Mathematics,MAT311,BC Calculus I,0,41,0,0,4,0,0,1,0,1,0,0,0,0,0,0,47,0,0,47,FY23,20,,
2023,Mathematics,MAT312,BC Calculus I,0,6,11,10,18,11,2,3,3,7,0,0,0,1,0,0,71,1,0,72,FY23,21,,
2023,Mathematics,MAT321,BC Calculus II,0,18,11,12,15,10,3,7,1,4,0,0,0,0,0,0,81,0,0,81,FY23,22,,
2023,Mathematics,MAT322,BC Calculus II,0,17,8,5,4,2,2,1,6,2,0,0,0,0,0,0,47,0,0,47,FY23,23,,
2023,Mathematics,MAT331,BC Calculus III,0,9,4,5,6,5,0,3,1,1,0,0,0,0,0,0,34,0,0,34,FY23,24,,
2023,Mathematics,MAT332,BC Calculus III,0,13,9,10,16,12,7,2,2,3,0,0,0,2,0,0,74,2,0,76,FY23,25,,
2023,Mathematics,MAT362,BC Calculus I/II,0,28,0,0,0,0,0,1,0,0,0,0,0,0,0,0,29,0,0,29,FY23,26,,
2023,Mathematics,MAT371,BC Calculus II/III,0,7,7,1,2,1,0,0,0,0,0,0,0,2,1,0,18,3,0,21,FY23,27,,
2023,Mathematics,MAT411,Statistical Exploration and Description,0,64,17,1,7,3,0,0,0,0,0,0,0,0,0,0,92,0,0,92,FY23,28,,
2023,Mathematics,MAT412,Statistical Experimentation & Inference,0,58,3,1,4,1,0,0,0,0,0,0,0,0,0,0,67,0,0,67,FY23,29,,
2023,Mathematics,MAT421,Number Theory,0,6,0,2,2,2,0,0,0,0,0,2,0,0,0,0,12,2,0,14,FY23,30,,
2023,Mathematics,MAT435,Discrete Mathematics,0,2,4,3,0,1,2,1,5,0,0,0,0,0,0,0,18,0,0,18,FY23,31,,
2023,Mathematics,MAT441,Multi-Variable Calculus,0,3,4,2,0,1,2,0,0,0,0,0,0,0,0,0,12,0,0,12,FY23,32,,
2023,Mathematics,MAT442,Multi-Variable Calculus,0,40,0,0,1,0,0,0,0,0,0,2,0,2,0,0,41,4,0,45,FY23,33,,
2023,Mathematics,MAT452,Differential Equations,0,19,8,5,8,1,0,4,0,0,0,0,0,1,0,0,45,1,0,46,FY23,34,,
2023,Mathematics,MAT473,Linear Algebra,0,21,11,2,1,2,1,0,0,0,0,2,0,0,0,0,38,2,0,40,FY23,35,,
2023,Mathematics,MAT474,Abstract Algebra,0,7,7,2,2,1,0,0,0,0,0,0,0,0,0,0,19,0,0,19,FY23,36,,
2023,Mathematics,MAT811,Independent Study in Mathematics,0,0,0,0,0,0,0,0,0,0,0,5,0,0,0,0,0,5,0,5,FY23,37,,
2023,Mathematics,MAT812,Independent Study in Mathematics,0,0,0,0,0,0,0,0,0,0,0,4,0,0,0,0,0,4,0,4,FY23,38,,
2023,English,ENG101,Literary Explorations I,0,67,71,34,42,15,2,2,0,1,0,0,0,1,0,0,234,1,0,235,FY23,39,,
2023,English,ENG102,Literary Explorations II,0,106,58,23,30,7,2,0,1,1,0,0,0,1,0,0,228,1,0,229,FY23,40,,
2023,English,ENG201a,Literary Explorations III: American,0,22,7,6,3,0,1,1,1,0,0,0,0,1,0,0,41,1,0,42,FY23,41,,
2023,English,ENG201b,Literary Explorations III: British,0,9,16,14,14,8,3,4,0,3,0,0,0,0,0,0,71,0,0,71,FY23,42,,
2023,English,ENG201c,Literary Explorations III: World,0,34,27,14,9,2,1,0,1,2,0,0,0,0,0,0,90,0,0,90,FY23,43,,
2023,English,ENG212,Creative Writing Workshop,0,26,22,17,7,1,4,0,0,0,0,0,0,1,0,0,77,1,0,78,FY23,44,,
2023,English,ENG242,Modern Theater,0,3,7,7,5,2,1,0,0,0,0,0,0,1,0,0,25,1,0,26,FY23,45,,
2023,English,ENG301,Modern World Fiction,0,17,16,5,6,4,4,2,0,1,0,0,0,1,0,0,55,1,0,56,FY23,46,,
2023,English,ENG315,Shakespeare,0,19,16,4,2,2,0,0,0,1,0,0,0,0,0,0,44,0,0,44,FY23,47,,
2023,English,ENG325,Digital Literary Studies,0,83,0,5,7,0,1,1,0,0,0,0,0,1,0,0,97,1,0,98,FY23,48,,
2023,English,ENG341,Gender Studies,0,44,15,4,4,2,0,1,0,0,0,0,0,0,0,0,70,0,0,70,FY23,49,,
2023,English,ENG351,Graphic Novels: Image and Text,0,13,16,10,7,3,0,0,0,0,0,0,0,2,0,0,49,2,0,51,FY23,50,,
2023,English,ENG365,Speculative Fiction Studies,0,24,33,16,11,4,2,2,1,0,0,0,0,0,0,0,93,0,0,93,FY23,51,,
2023,English,ENG401c,Authors & Topics: Travel Writing,0,37,5,3,1,1,0,1,0,0,0,0,0,0,0,0,48,0,0,48,FY23,52,,
2023,English,ENG410,Expression and Experiment in Poetry,0,34,1,8,0,0,0,1,0,0,0,0,0,0,0,0,44,0,0,44,FY23,53,,
2023,English,ENG801,Independent Study in English,0,0,0,0,0,0,0,0,0,0,0,1,0,0,0,0,0,1,0,1,FY23,54,,
2023,English,ENG802,Independent Study in English,0,0,0,0,0,0,0,0,0,0,0,1,0,0,0,0,0,1,0,1,FY23,55,,
2023,Fine Arts,FAR100,Concert Band,0,32,0,0,0,0,0,0,0,1,0,0,0,0,0,0,33,0,0,33,FY23,56,,
2023,Fine Arts,FAR110,Wind Ensemble,0,44,0,0,0,0,0,0,0,0,0,1,0,1,0,0,44,2,0,46,FY23,57,,
2023,Fine Arts,FAR120,String Orchestra,0,24,1,0,0,0,0,0,0,0,0,0,0,0,0,0,25,0,0,25,FY23,58,,
2023,Fine Arts,FAR130,Chamber Strings,0,31,1,1,1,0,0,0,0,0,0,0,0,0,0,0,34,0,0,34,FY23,59,,
2023,Fine Arts,FAR200,Concert Choir,0,13,0,1,0,0,0,0,0,0,0,0,0,0,0,0,14,0,0,14,FY23,60,,
2023,Fine Arts,FAR210,Chamber Choir,0,14,2,0,1,0,0,0,0,0,0,0,0,0,0,0,17,0,0,17,FY23,61,,
2023,Fine Arts,FAR300,Music Appreciation,0,5,1,0,2,0,0,0,0,0,0,0,0,0,0,0,8,0,0,8,FY23,62,,
2023,Fine Arts,FAR301,Music Theory,0,12,1,1,0,0,0,0,0,0,0,0,0,0,0,0,14,0,0,14,FY23,63,,
2023,Fine Arts,FAR402,Art and Design,0,20,2,0,1,0,0,0,0,0,0,0,0,0,0,0,23,0,0,23,FY23,64,,
2023,Fine Arts,FAR411,Observational Drawing,0,17,0,0,0,1,0,0,0,0,0,0,0,2,0,0,18,2,0,20,FY23,65,,
2023,Fine Arts,FAR416,Digital Photography,0,50,3,2,1,2,0,2,0,0,0,0,0,0,0,0,60,0,0,60,FY23,66,,
2023,Fine Arts,FAR421,Scientific Illustration,0,21,2,2,0,0,0,0,0,0,0,0,0,0,0,0,25,0,0,25,FY23,67,,
2023,Fine Arts,FAR435,Printmaking,0,19,0,0,2,2,0,0,0,0,0,0,0,1,0,0,23,1,0,24,FY23,68,,
2023,Fine Arts,FAR452,Graphic Design & Technology,0,20,0,0,0,0,0,0,0,0,0,0,0,0,0,0,20,0,0,20,FY23,69,,
2023,Fine Arts,FAR811,Independent Study in Art,0,0,0,0,0,0,0,0,0,0,0,3,0,0,0,0,0,3,0,3,FY23,70,,
2023,Fine Arts,FAR812,Independent Study in Art,0,0,0,0,0,0,0,0,0,0,0,3,0,0,0,0,0,3,0,3,FY23,71,,
2023,History and Social Sciences,HSS100,American Studies,0,62,78,32,32,14,4,3,5,1,0,0,0,1,0,0,231,1,0,232,FY23,72,,
2023,History and Social Sciences,HSS201a,Ancient World Religion and Philosophy,0,58,24,4,4,4,0,1,1,2,0,0,0,2,0,0,98,2,0,100,FY23,73,,
2023,History and Social Sciences,HSS201b,Conflict in World History,0,5,7,3,1,0,0,2,0,0,0,0,0,0,0,0,18,0,0,18,FY23,74,,
2023,History and Social Sciences,HSS201h,Ancient Epics,0,27,10,4,1,2,0,0,0,1,0,0,0,1,0,0,45,1,0,46,FY23,75,,
2023,History and Social Sciences,HSS201i,Revolutions,0,16,9,7,4,2,1,1,0,0,0,0,0,1,0,0,40,1,0,41,FY23,76,,
2023,History and Social Sciences,HSS202,The World in the Twentieth Century,0,114,44,13,11,7,1,3,0,1,0,0,0,4,0,0,194,4,0,198,FY23,77,,
2023,History and Social Sciences,HSS311,Political Theory,0,12,4,2,2,2,0,1,0,0,0,0,0,0,0,0,23,0,0,23,FY23,78,,
2023,History and Social Sciences,HSS325,Modern Economics,0,48,13,0,8,1,4,0,0,0,0,0,0,0,0,0,74,0,0,74,FY23,79,,
2023,History and Social Sciences,HSS326,Modern Economics,0,33,22,9,4,2,0,0,0,0,0,0,0,0,0,0,70,0,0,70,FY23,80,,
2023,History and Social Sciences,HSS335,America in the Contemporary World,0,19,19,2,5,1,1,0,0,0,0,0,0,1,0,0,47,1,0,48,FY23,81,,
2023,History and Social Sciences,HSS343,History of Biology and Medicine,0,25,11,5,6,0,0,0,0,1,0,0,0,0,0,0,48,0,0,48,FY23,82,,
2023,History and Social Sciences,HSS352,History of Technology and Culture,0,18,9,5,5,0,1,0,0,0,0,0,0,0,0,0,38,0,0,38,FY23,83,,
2023,History and Social Sciences,HSS361,US Government and the Constitution,0,17,5,0,0,0,0,1,0,0,0,0,0,0,0,0,23,0,0,23,FY23,84,,
2023,History and Social Sciences,HSS373,Research in Global History of Africa,0,13,0,0,0,0,0,0,0,0,0,0,0,0,0,0,13,0,0,13,FY23,85,,
2023,History and Social Sciences,HSS393,History of the Environment,0,20,11,9,1,3,0,1,0,1,0,0,0,0,0,0,46,0,0,46,FY23,86,,
2023,History and Social Sciences,HSS394,"Modern Conflict, Insurgency & Terrorism",0,14,13,5,9,1,0,2,0,0,0,0,0,0,0,0,44,0,0,44,FY23,87,,
2023,History and Social Sciences,HSS801,Independent Study in History/Social Sci,0,0,0,0,0,0,0,0,0,0,1,2,0,0,0,0,0,3,0,3,FY23,88,,
2023,History and Social Sciences,HSS802,Independent Study in History/Social Sci,0,0,0,0,0,0,0,0,0,0,1,4,0,0,0,0,0,5,0,5,FY23,89,,
2023,Science,SCI105,Scientific Inquiries - Chemistry,0,145,28,14,22,4,4,2,2,2,0,0,0,3,0,0,223,3,0,226,FY23,90,,
2023,Science,SCI115,Scientific Inquiries - Physics,0,123,52,11,22,8,3,2,1,0,0,0,0,2,0,0,222,2,0,224,FY23,91,,
2023,Science,SCI135,Methods in Scientific Inquiry,0,106,65,29,19,6,2,0,3,1,0,0,0,1,0,0,231,1,0,232,FY23,92,,
2023,Science,SCI201,Adv. Chemistry--Structure and Properties,0,9,8,6,8,6,1,7,5,3,0,0,0,1,0,0,53,1,0,54,FY23,93,,
2023,Science,SCI202,Advanced Chemistry--Chemical Reactions,0,3,10,5,6,4,1,6,4,0,0,0,0,1,0,0,39,1,0,40,FY23,94,,
2023,Science,SCI215,Organic Chemistry I,0,25,7,4,4,5,2,0,0,0,0,0,1,0,0,0,47,1,0,48,FY23,95,,
2023,Science,SCI222,Organic Chemistry II,0,13,7,8,2,2,2,1,0,0,0,1,0,1,0,0,35,2,0,37,FY23,96,,
2023,Science,SCI235,Biochemistry,0,35,6,8,6,5,2,1,0,0,0,0,0,1,0,0,63,1,0,64,FY23,97,,
2023,Science,SCI245,Environmental Chemistry,0,22,9,2,5,1,1,0,0,0,0,0,0,0,0,0,40,0,0,40,FY23,98,,
2023,Science,SCI255,Medicinal Chemistry,0,26,8,1,3,3,0,0,1,1,0,0,0,0,0,0,43,0,0,43,FY23,99,,
2023,Science,SCI315,Microcontroller Applications (Science),0,5,6,1,7,2,2,0,1,0,0,0,0,0,0,0,24,0,0,24,FY23,100,,
2023,Science,SCI402,Physics: Sound and Light,0,40,9,5,9,2,0,1,0,0,0,1,0,1,0,0,66,2,0,68,FY23,101,,
2023,Science,SCI411,Physics: Calculus-based Mechanics,0,34,10,3,6,1,1,1,0,0,0,0,0,2,0,0,56,2,0,58,FY23,102,,
2023,Science,SCI412,Physics: Calculus-based Elec & Magnetism,0,31,5,1,0,0,1,0,1,0,0,1,0,1,0,0,39,2,0,41,FY23,103,,
2023,Science,SCI425,Planetary Science,0,2,12,10,5,5,0,0,0,0,0,0,0,1,0,0,34,1,0,35,FY23,104,,
2023,Science,SCI445,Modern Physics,0,12,9,3,9,6,2,3,0,0,0,2,0,1,0,0,44,3,0,47,FY23,105,,
2023,Science,SCI455,Engineering,0,74,27,6,6,0,2,0,1,0,0,0,0,0,0,0,116,0,0,116,FY23,106,,
2023,Science,SCI465,Biophysics,0,9,3,2,1,3,1,0,0,0,0,0,0,0,0,0,19,0,0,19,FY23,107,,
2023,Science,SCI505,Computational Science,0,7,10,4,1,6,4,0,4,2,0,0,0,0,0,0,38,0,0,38,FY23,108,,
2023,Science,SCI600,Advanced Biological Systems,0,138,66,29,33,18,3,5,1,1,0,0,0,5,0,0,294,5,0,299,FY23,109,,
2023,Science,SCI605,"Evolution, Biodiversity, and Ecology",0,11,2,0,1,0,0,0,0,0,0,0,0,1,0,0,14,1,0,15,FY23,110,,
2023,Science,SCI616,Cancer Biology,0,12,8,1,0,0,0,0,0,0,0,0,0,0,0,0,21,0,0,21,FY23,111,,
2023,Science,SCI625,Microbes and Disease,0,11,1,0,0,0,0,0,0,0,0,0,0,0,0,0,12,0,0,12,FY23,112,,
2023,Science,SCI636,Pathophysiology,0,29,13,1,2,0,0,0,0,0,0,0,0,0,0,0,45,0,0,45,FY23,113,,
2023,Science,SCI645,Biology of Behavior,0,25,15,0,3,4,1,3,4,0,0,0,0,0,0,0,55,0,0,55,FY23,114,,
2023,Science,SCI821,Independent Study in Physics,0,0,0,0,0,0,0,0,0,0,0,10,0,0,0,0,0,10,0,10,FY23,115,,
2023,Science,SCI822,Independent Study in Physics,0,0,0,0,0,0,0,0,0,0,0,10,0,0,0,0,0,10,0,10,FY23,116,,
2023,Science,SCI831,Independent Study in Biology,0,0,0,0,0,0,0,0,0,0,0,1,0,0,0,0,0,1,0,1,FY23,117,,
2023,Wellness,WEL105,Moving and Learning,0,148,0,0,73,0,0,8,0,0,0,0,0,4,0,0,229,4,0,233,FY23,118,,
2023,Wellness,WEL231,Outdoor and Indoor Games,0,100,0,0,3,0,0,3,0,0,0,0,0,3,0,0,106,3,0,109,FY23,119,,
2023,Wellness,WEL251,Stress Management for Life,0,10,0,0,1,0,0,6,0,0,0,0,0,0,0,0,17,0,0,17,FY23,120,,
2023,Wellness,WEL312,Dance,0,13,0,0,6,0,0,2,0,0,0,0,0,0,0,0,21,0,0,21,FY23,121,,
2023,Wellness,WEL525,Movement and Relaxation,0,45,0,0,6,0,0,4,0,0,0,0,0,0,0,0,55,0,0,55,FY23,122,,
2024,Computer Science,CS100,Computer Science Inquiry,0,72,70,10,30,18,5,7,1,1,0,0,0,4,0,0,214,4,0,218,FY24,3,,
2024,Computer Science,CS205,Object Oriented Programming,0,41,35,5,8,7,1,2,3,1,0,0,0,1,0,0,103,1,0,104,FY24,4,,
2024,Computer Science,CS235,Web Technologies,0,11,0,2,0,2,0,0,0,0,0,0,0,1,0,0,15,1,0,16,FY24,5,,
2024,Computer Science,CS305,Advanced Programming,0,16,6,2,1,0,0,0,0,0,0,0,0,0,0,0,25,0,0,25,FY24,6,,
2024,Computer Science,CS422,CS Seminar: UNIX/Linux and Cybersecurity,0,5,3,2,3,1,0,1,1,0,0,0,0,0,0,0,16,0,0,16,FY24,7,,
2024,Computer Science,CS431,CS Seminar: Machine Learning,0,43,4,1,0,0,0,0,0,0,0,0,0,0,0,0,48,0,0,48,FY24,8,,
2024,Mathematics,MAT101,Geometry I/II,0,20,0,1,5,0,4,1,0,0,0,0,0,0,0,0,31,0,0,31,FY24,9,,
2024,Mathematics,MAT110,Mathematical Investigations I/II,0,4,7,9,10,12,5,7,4,2,0,0,0,2,0,0,60,2,0,62,FY24,10,,
2024,Mathematics,MAT121,Mathematical Investigations II,0,8,16,13,25,7,7,11,4,7,0,0,0,1,0,0,98,1,0,99,FY24,11,,
2024,Mathematics,MAT122,Mathematical Investigations II,0,6,2,3,6,2,0,1,0,0,0,0,0,2,0,0,20,2,0,22,FY24,12,,
2024,Mathematics,MAT131,Mathematical Investigations III,0,13,14,8,16,8,8,4,5,6,0,0,0,0,0,0,82,0,0,82,FY24,13,,
2024,Mathematics,MAT132,Mathematical Investigations III,0,18,11,14,15,15,1,13,7,13,0,0,0,2,0,0,107,2,0,109,FY24,14,,
2024,Mathematics,MAT141,Mathematical Investigations IV,0,43,29,20,17,7,5,6,4,5,0,0,0,2,0,0,136,2,0,138,FY24,15,,
2024,Mathematics,MAT142,Mathematical Investigations IV,0,13,8,7,14,10,5,9,10,6,0,0,0,1,0,0,82,1,0,83,FY24,16,,
2024,Mathematics,MAT211,AB Calculus I,0,5,10,11,7,6,4,1,0,0,0,0,0,0,0,0,44,0,0,44,FY24,17,,
2024,Mathematics,MAT222,AB Calculus II,0,2,11,8,15,5,1,2,0,0,0,0,0,0,0,0,44,0,0,44,FY24,18,,
2024,Mathematics,MAT311,BC Calculus I,0,8,7,1,8,8,2,1,1,1,0,0,0,1,0,0,37,1,0,38,FY24,19,,
2024,Mathematics,MAT312,BC Calculus I,0,8,6,9,22,13,6,11,4,6,0,0,0,1,0,0,85,1,0,86,FY24,20,,
2024,Mathematics,MAT321,BC Calculus II,0,19,15,15,11,2,3,1,1,2,0,0,0,0,0,0,69,0,0,69,FY24,21,,
2024,Mathematics,MAT322,BC Calculus II,0,7,8,1,9,4,2,3,2,2,0,0,0,0,0,0,38,0,0,38,FY24,22,,
2024,Mathematics,MAT331,BC Calculus III,0,15,8,2,6,1,1,1,1,0,0,0,0,1,0,0,35,1,0,36,FY24,23,,
2024,Mathematics,MAT332,BC Calculus III,0,17,16,11,8,8,2,1,3,1,0,0,0,0,0,0,67,0,0,67,FY24,24,,
2024,Mathematics,MAT362,BC Calculus I/II,0,19,1,4,1,1,2,0,1,0,0,0,0,0,0,0,29,0,0,29,FY24,25,,
2024,Mathematics,MAT371,BC Calculus II/III,0,23,0,2,3,0,0,0,0,0,0,0,0,0,0,0,28,0,0,28,FY24,26,,
2024,Mathematics,MAT403,Introduction to Proofs,0,10,1,1,3,0,1,0,1,0,0,0,0,0,0,0,17,0,0,17,FY24,27,,
2024,Mathematics,MAT411,Statistical Exploration and Description,0,73,9,1,6,2,0,1,0,0,0,0,0,1,0,0,92,1,0,93,FY24,28,,
2024,Mathematics,MAT412,Statistical Experimentation & Inference,0,53,7,4,1,0,0,0,0,0,0,0,0,1,0,0,65,1,0,66,FY24,29,,
2024,Mathematics,MAT421,Number Theory,0,8,7,3,0,1,0,0,0,0,0,1,0,0,0,0,19,1,0,20,FY24,30,,
2024,Mathematics,MAT435,Discrete Mathematics,0,10,4,3,4,1,1,1,0,0,0,0,0,0,0,0,24,0,0,24,FY24,31,,
2024,Mathematics,MAT442,Multi-Variable Calculus,0,28,10,12,10,4,1,1,3,0,0,4,0,1,0,0,69,5,0,74,FY24,32,,
2024,Mathematics,MAT445,Theory of Analysis,0,7,3,0,2,0,1,1,0,0,0,0,0,0,0,0,14,0,0,14,FY24,33,,
2024,Mathematics,MAT452,Differential Equations,0,22,11,3,3,0,1,0,0,0,0,1,0,0,0,0,40,1,0,41,FY24,34,,
2024,Mathematics,MAT473,Linear Algebra,0,18,6,10,7,3,1,0,1,0,0,0,0,1,0,0,46,1,0,47,FY24,35,,
2024,Mathematics,MAT811,Independent Study in Mathematics,0,0,0,0,0,0,0,0,0,0,0,5,0,0,0,0,0,5,0,5,FY24,36,,
2024,Mathematics,MAT812,Independent Study in Mathematics,0,0,0,0,0,0,0,0,0,0,0,4,0,0,0,0,0,4,0,4,FY24,37,,
2024,English,ENG101,Literary Explorations I,0,61,64,38,38,19,5,3,1,6,0,0,0,3,0,0,235,3,0,238,FY24,38,,
2024,English,ENG102,Literary Explorations II,0,76,59,32,32,13,8,1,9,1,0,0,0,3,0,0,231,3,0,234,FY24,39,,
2024,English,ENG201a,Literary Explorations III: American,0,28,7,5,2,2,0,1,0,0,0,0,0,1,0,0,45,1,0,46,FY24,40,,
2024,English,ENG201b,Literary Explorations III: British,0,17,20,6,5,0,0,0,0,0,0,0,0,0,0,0,48,0,0,48,FY24,41,,
2024,English,ENG201c,Literary Explorations III: World,0,37,37,19,23,4,5,4,1,1,0,0,0,0,0,0,131,0,0,131,FY24,42,,
2024,English,ENG212,Creative Writing Workshop,0,61,23,13,8,5,3,6,1,0,0,1,0,0,0,0,120,1,0,121,FY24,43,,
2024,English,ENG242,Modern Theater,0,2,2,2,1,0,0,0,1,0,0,0,0,0,0,0,8,0,0,8,FY24,44,,
2024,English,ENG301,Modern World Fiction,0,37,8,4,0,0,1,0,0,0,0,0,0,2,0,1,50,3,0,53,FY24,45,,
2024,English,ENG315,Shakespeare,0,17,8,4,4,0,1,1,0,0,0,0,0,1,0,0,35,1,0,36,FY24,46,,
2024,English,ENG325,Digital Literary Studies,0,52,27,2,4,1,0,1,0,1,0,0,0,0,0,0,88,0,0,88,FY24,47,,
2024,English,ENG341,Gender Studies,0,28,8,7,2,0,0,0,0,0,0,0,0,0,0,0,45,0,0,45,FY24,48,,
2024,English,ENG351,Graphic Novels: Image and Text,0,11,32,19,19,5,3,0,2,3,0,0,0,0,0,1,94,1,0,95,FY24,49,,
2024,English,ENG365,Speculative Fiction Studies,0,15,15,10,5,0,0,0,0,1,0,0,0,1,0,0,46,1,0,47,FY24,50,,
2024,English,ENG401d,Authors & Topics: Horror Fiction,0,8,12,6,2,4,1,0,0,0,0,0,0,2,0,0,33,2,0,35,FY24,51,,
2024,English,ENG410,Expression and Experiment in Poetry,0,69,1,4,4,0,0,0,0,0,0,0,0,0,0,0,78,0,0,78,FY24,52,,
2024,English,ENG801,Independent Study in English,0,0,0,0,0,0,0,0,0,0,1,2,0,0,0,0,0,3,0,3,FY24,53,,
2024,Fine Arts,FAR100,Concert Band,0,46,2,0,0,0,0,0,0,0,0,0,0,0,0,0,48,0,0,48,FY24,54,,
2024,Fine Arts,FAR110,Wind Ensemble,0,41,3,0,0,0,0,0,0,0,0,0,0,0,0,1,44,1,0,45,FY24,55,,
2024,Fine Arts,FAR120,String Orchestra,0,21,0,0,0,0,0,0,0,0,0,0,0,0,0,0,21,0,0,21,FY24,56,,
2024,Fine Arts,FAR130,Chamber Strings,0,24,0,0,0,0,0,0,0,0,0,0,0,0,0,0,24,0,0,24,FY24,57,,
2024,Fine Arts,FAR200,Concert Choir,1,16,0,0,0,0,0,0,0,0,0,0,0,0,0,0,17,0,0,17,FY24,58,,
2024,Fine Arts,FAR210,Chamber Choir,0,16,1,0,0,0,0,0,0,0,0,0,0,1,0,0,17,1,0,18,FY24,59,,
2024,Fine Arts,FAR411,Observational Drawing,0,12,0,0,0,0,0,0,0,0,0,0,0,0,0,0,12,0,0,12,FY24,60,,
2024,Fine Arts,FAR416,Digital Photography,0,51,4,1,4,0,0,1,0,1,0,0,0,0,0,0,62,0,0,62,FY24,61,,
2024,Fine Arts,FAR421,Scientific Illustration,0,17,2,1,0,0,0,0,0,0,0,0,0,1,0,0,20,1,0,21,FY24,62,,
2024,Fine Arts,FAR435,Printmaking,0,10,0,0,0,0,0,0,0,0,0,0,0,0,0,0,10,0,0,10,FY24,63,,
2024,Fine Arts,FAR450,3D Design Foundations,0,10,0,0,0,0,0,0,0,0,0,0,0,0,0,0,10,0,0,10,FY24,64,,
2024,Fine Arts,FAR452,Graphic Design & Technology,0,19,1,1,0,1,0,0,0,0,0,0,0,0,0,0,22,0,0,22,FY24,65,,
2024,Fine Arts,FAR811,Independent Study in Art,0,0,0,0,0,0,0,0,0,0,0,1,0,0,0,0,0,1,0,1,FY24,66,,
2024,Fine Arts,FAR812,Independent Study in Art,0,0,0,0,0,0,0,0,0,0,0,2,0,0,0,0,0,2,0,2,FY24,67,,
2024,History and Social Sciences,HSS100,American Studies,0,44,67,39,33,23,5,11,6,4,0,0,0,5,0,0,232,5,0,237,FY24,68,,
2024,History and Social Sciences,HSS201a,Ancient World Religion and Philosophy,0,65,28,9,11,3,1,1,1,1,0,0,0,2,0,0,120,2,0,122,FY24,69,,
2024,History and Social Sciences,HSS201b,Conflict in World History,0,15,18,2,3,4,1,0,1,0,0,0,0,0,0,0,44,0,0,44,FY24,70,,
2024,History and Social Sciences,HSS201i,Revolutions,0,27,12,1,6,7,0,1,4,0,0,0,0,0,0,0,58,0,0,58,FY24,71,,
2024,History and Social Sciences,HSS202,The World in the Twentieth Century,0,98,58,13,20,10,4,6,7,4,0,0,0,2,0,0,220,2,0,222,FY24,72,,
2024,History and Social Sciences,HSS311,Political Theory,0,28,11,1,2,1,0,1,1,0,0,0,0,0,0,0,45,0,0,45,FY24,73,,
2024,History and Social Sciences,HSS325,Modern Economics,0,44,28,2,1,0,0,0,0,0,0,0,0,0,0,0,75,0,0,75,FY24,74,,
2024,History and Social Sciences,HSS326,Modern Economics,0,34,17,11,6,0,0,0,0,0,0,0,0,0,0,0,68,0,0,68,FY24,75,,
2024,History and Social Sciences,HSS335,America in the Contemporary World,0,16,21,10,1,0,0,0,1,0,0,0,0,0,0,0,49,0,0,49,FY24,76,,
2024,History and Social Sciences,HSS343,History of Biology and Medicine,0,13,7,2,1,1,0,0,0,0,0,0,0,0,0,0,24,0,0,24,FY24,77,,
2024,History and Social Sciences,HSS352,History of Technology and Culture,0,22,8,1,9,4,0,1,0,0,0,0,0,0,0,0,45,0,0,45,FY24,78,,
2024,History and Social Sciences,HSS361,US Government and the Constitution,0,20,5,1,0,0,0,0,0,0,0,0,0,1,0,0,26,1,0,27,FY24,79,,
2024,History and Social Sciences,HSS373,Research in Global History of Africa,0,4,6,1,1,1,0,0,1,0,0,0,0,1,0,0,14,1,0,15,FY24,80,,
2024,History and Social Sciences,HSS393,History of the Environment,0,10,4,3,1,3,1,1,0,0,0,0,0,1,0,0,23,1,0,24,FY24,81,,
2024,History and Social Sciences,HSS394,"Modern Conflict, Insurgency & Terrorism",0,6,5,3,1,1,0,1,0,1,0,0,0,0,0,0,18,0,0,18,FY24,82,,
2024,History and Social Sciences,HSS801,Independent Study in History/Social Sci,0,0,0,0,0,0,0,0,0,0,0,3,0,0,0,0,0,3,0,3,FY24,83,,
2024,History and Social Sciences,HSS802,Independent Study in History/Social Sci,0,0,0,0,0,0,0,0,0,0,0,4,0,0,0,0,0,4,0,4,FY24,84,,
2024,Science,SCI105,Scientific Inquiries - Chemistry,0,126,30,15,18,8,7,13,4,1,0,0,0,3,0,0,222,3,0,225,FY24,85,,
2024,Science,SCI115,Scientific Inquiries - Physics,0,91,46,31,36,13,4,4,0,1,0,0,0,2,0,0,226,2,0,228,FY24,86,,
2024,Science,SCI135,Methods in Scientific Inquiry,0,160,23,11,17,10,5,4,0,3,0,0,0,3,0,0,233,3,0,236,FY24,87,,
2024,Science,SCI201,Adv. Chemistry--Structure and Properties,0,11,9,8,12,5,1,4,1,0,0,0,0,1,0,0,51,1,0,52,FY24,88,,
2024,Science,SCI202,Advanced Chemistry--Chemical Reactions,0,7,8,8,10,4,5,3,1,0,0,1,0,0,0,0,46,1,0,47,FY24,89,,
2024,Science,SCI205,The Physical Chemistry of Materials,0,12,14,3,2,0,0,0,0,1,0,2,0,0,0,0,32,2,0,34,FY24,90,,
2024,Science,SCI215,Organic Chemistry I,0,30,11,6,6,3,2,2,0,0,0,0,0,2,0,0,60,2,0,62,FY24,91,,
2024,Science,SCI222,Organic Chemistry II,0,17,8,2,6,2,0,1,0,1,0,2,0,1,0,0,37,3,0,40,FY24,92,,
2024,Science,SCI235,Biochemistry,0,34,9,9,12,3,1,0,0,0,0,0,0,0,0,0,68,0,0,68,FY24,93,,
2024,Science,SCI245,Environmental Chemistry,0,28,0,3,3,1,0,0,0,0,0,0,0,1,0,0,35,1,0,36,FY24,94,,
2024,Science,SCI255,Medicinal Chemistry,0,54,6,6,2,3,1,1,0,0,0,0,0,3,0,0,73,3,0,76,FY24,95,,
2024,Science,SCI315,Microcontroller Applications (Science),0,31,8,4,2,2,0,0,0,0,0,0,0,0,0,0,47,0,0,47,FY24,96,,
2024,Science,SCI402,Physics: Sound and Light,0,24,10,7,11,2,2,1,0,0,0,0,0,0,0,0,57,0,0,57,FY24,97,,
2024,Science,SCI411,Physics: Calculus-based Mechanics,0,33,21,9,1,1,0,0,0,0,0,0,0,1,0,0,65,1,0,66,FY24,98,,
2024,Science,SCI412,Physics: Calculus-based Elec & Magnetism,0,30,6,1,2,0,0,0,0,0,0,1,0,0,0,0,39,1,0,40,FY24,99,,
2024,Science,SCI425,Planetary Science,0,3,7,2,1,3,1,0,1,0,0,0,0,0,0,0,18,0,0,18,FY24,100,,
2024,Science,SCI445,Modern Physics,0,24,17,1,3,0,0,0,0,0,0,0,0,1,0,0,45,1,0,46,FY24,101,,
2024,Science,SCI455,Engineering,0,77,16,6,3,2,1,0,0,0,0,0,0,0,0,0,105,0,0,105,FY24,102,,
2024,Science,SCI505,Computational Science,0,16,6,2,2,0,3,0,5,0,0,4,0,0,0,0,34,4,0,38,FY24,103,,
2024,Science,SCI600,Advanced Biological Systems,0,190,70,24,21,7,2,3,6,0,0,0,0,3,0,1,323,4,0,327,FY24,104,,
2024,Science,SCI616,Cancer Biology,0,17,0,0,3,2,0,1,0,0,0,0,0,0,0,0,23,0,0,23,FY24,105,,
2024,Science,SCI626,Environmental Microbiology,0,16,3,0,1,0,0,1,0,0,0,0,0,0,0,0,21,0,0,21,FY24,106,,
2024,Science,SCI636,Pathophysiology,0,22,4,2,2,1,0,0,0,0,0,0,0,1,0,0,31,1,0,32,FY24,107,,
2024,Science,SCI645,Biology of Behavior,0,23,4,3,1,3,4,2,2,0,0,0,0,1,0,1,42,2,0,44,FY24,108,,
2024,Science,SCI811,Independent Study in Chemistry,0,0,0,0,0,0,0,0,0,0,0,1,0,0,0,0,0,1,0,1,FY24,109,,
2024,Science,SCI812,Independent Study in Chemistry,0,0,0,0,0,0,0,0,0,0,0,1,0,0,0,0,0,1,0,1,FY24,110,,
2024,Science,SCI821,Independent Study in Physics,0,0,0,0,0,0,0,0,0,0,0,8,0,0,0,0,0,8,0,8,FY24,111,,
2024,Science,SCI822,Independent Study in Physics,0,0,0,0,0,0,0,0,0,0,0,8,0,0,0,0,0,8,0,8,FY24,112,,
2024,Science,SCI831,Independent Study in Biology,0,0,0,0,0,0,0,0,0,0,1,1,0,0,0,0,0,2,0,2,FY24,113,,
2024,Science,SCI832,Independent Study in Biology,0,0,0,0,0,0,0,0,0,0,1,0,0,0,0,0,0,1,0,1,FY24,114,,
2024,Wellness,WEL110,Foundations of Healthy Living,0,117,0,0,77,0,0,37,0,1,0,0,0,1,0,0,232,1,0,233,FY24,115,,
2024,Wellness,WEL231,Outdoor and Indoor Games,0,83,0,0,6,0,0,11,0,1,0,0,0,0,0,0,101,0,0,101,FY24,116,,
2024,Wellness,WEL251,Stress Management for Life,0,12,0,0,1,0,0,0,0,0,0,0,0,0,0,0,13,0,0,13,FY24,117,,
2024,Wellness,WEL312,Dance,0,17,0,0,5,0,0,2,0,0,0,0,0,0,0,0,24,0,0,24,FY24,118,,
2024,Wellness,WEL525,Movement and Relaxation,0,25,0,0,12,0,0,1,0,0,0,0,0,1,0,0,38,1,0,39,FY24,119,,
2025,Computer Science,CS100,Computer Science Inquiry,0,129,31,12,7,3,4,2,3,0,0,0,0,1,0,0,191,1,0,192,FY25,3,,
2025,Computer Science,CS205,Object Oriented Programming,0,30,15,5,8,7,1,3,2,0,0,0,0,0,0,0,71,0,0,71,FY25,4,,
2025,Computer Science,CS235,Web Technologies,0,19,3,6,0,0,0,0,0,0,0,0,0,0,0,0,28,0,0,28,FY25,5,,
2025,Computer Science,CS305,Advanced Programming,0,26,0,0,0,0,0,0,0,0,0,0,0,0,0,0,26,0,0,26,FY25,6,,
2025,Computer Science,CS315,Microcontroller Applications (CS),0,22,0,0,0,0,0,0,0,0,0,0,0,0,0,0,22,0,0,22,FY25,7,,
2025,Computer Science,CS421,CS Seminar: Android Apps Development,0,14,0,0,0,0,0,0,0,0,0,0,0,0,0,0,14,0,0,14,FY25,8,,
2025,Computer Science,CS422,CS Seminar: UNIX/Linux and Cybersecurity,0,13,0,1,1,0,0,1,1,0,0,0,0,0,0,0,17,0,0,17,FY25,9,,
2025,Computer Science,CS431,CS Seminar: Machine Learning,0,35,1,0,0,0,0,0,0,0,0,0,0,0,0,0,36,0,0,36,FY25,10,,
2025,Computer Science,CS801,Independent Study in Computer Science,0,0,0,0,0,0,0,0,0,0,0,11,1,0,0,0,0,12,1,13,FY25,11,Includes counts in an unlabeled workbook column; excluded from GPA charts.,1
2025,Computer Science,CS802,Independent Study in Computer Science,0,0,0,0,0,0,0,0,0,0,0,10,1,0,0,0,0,11,1,12,FY25,12,Includes counts in an unlabeled workbook column; excluded from GPA charts.,1
2025,Mathematics,MAT101,Geometry I/II,0,5,1,3,8,7,2,4,1,4,0,0,0,0,0,0,35,0,0,35,FY25,13,,
2025,Mathematics,MAT110,Mathematical Investigations I/II,0,3,3,7,11,8,5,7,6,2,0,0,0,0,0,0,52,0,0,52,FY25,14,,
2025,Mathematics,MAT121,Mathematical Investigations II,0,16,14,10,22,11,6,7,5,2,0,0,0,1,0,0,93,1,0,94,FY25,15,,
2025,Mathematics,MAT122,Mathematical Investigations II,0,0,2,1,4,4,1,6,0,3,0,0,0,0,0,0,21,0,0,21,FY25,16,,
2025,Mathematics,MAT131,Mathematical Investigations III,0,27,10,1,10,6,7,8,10,7,0,0,0,3,0,0,86,3,0,89,FY25,17,,
2025,Mathematics,MAT132,Mathematical Investigations III,0,20,10,15,17,20,11,9,6,2,0,0,0,2,0,0,110,2,0,112,FY25,18,,
2025,Mathematics,MAT141,Mathematical Investigations IV,0,28,15,10,15,7,6,9,7,6,0,0,0,0,0,0,103,0,0,103,FY25,19,,
2025,Mathematics,MAT142,Mathematical Investigations IV,0,26,10,5,10,6,5,9,6,6,0,0,0,1,0,0,83,1,0,84,FY25,20,,
2025,Mathematics,MAT211,AB Calculus I,0,5,9,3,11,8,0,1,0,0,0,0,0,0,0,0,37,0,0,37,FY25,21,,
2025,Mathematics,MAT222,AB Calculus II,0,5,8,4,8,5,4,2,1,0,0,0,0,0,0,1,37,1,0,38,FY25,22,,
2025,Mathematics,MAT311,BC Calculus I,0,2,5,5,10,7,5,2,6,6,0,0,0,0,0,0,48,0,0,48,FY25,23,,
2025,Mathematics,MAT312,BC Calculus I,0,9,12,12,11,9,8,8,5,15,0,0,0,0,0,0,89,0,0,89,FY25,24,,
2025,Mathematics,MAT321,BC Calculus II,0,13,11,13,17,8,9,7,2,4,0,0,0,0,0,0,84,0,0,84,FY25,25,,
2025,Mathematics,MAT322,BC Calculus II,0,4,8,3,5,10,6,5,2,0,0,0,0,0,0,0,43,0,0,43,FY25,26,,
2025,Mathematics,MAT331,BC Calculus III,0,13,5,2,1,2,0,1,1,0,0,0,0,0,0,0,25,0,0,25,FY25,27,,
2025,Mathematics,MAT332,BC Calculus III,0,13,12,12,13,9,11,7,3,0,0,0,0,0,0,0,80,0,0,80,FY25,28,,
2025,Mathematics,MAT361,BC Calculus I/II,0,8,2,5,4,1,0,1,1,0,0,0,0,0,0,0,22,0,0,22,FY25,29,,
2025,Mathematics,MAT371,BC Calculus II/III,0,26,0,0,0,0,0,0,0,0,0,0,0,0,0,0,26,0,0,26,FY25,30,,
2025,Mathematics,MAT403,Introduction to Proofs,0,12,6,3,5,1,0,1,1,1,0,1,0,1,0,0,30,2,0,32,FY25,31,,
2025,Mathematics,MAT411,Statistical Exploration and Description,0,60,8,0,6,1,0,0,0,0,0,0,0,1,0,0,75,1,0,76,FY25,32,,
2025,Mathematics,MAT412,Statistical Experimentation & Inference,0,43,3,2,6,0,0,0,0,0,0,0,0,0,0,0,54,0,0,54,FY25,33,,
2025,Mathematics,MAT421,Number Theory,0,2,5,5,2,0,0,0,0,0,0,0,0,0,0,0,14,0,0,14,FY25,34,,
2025,Mathematics,MAT435,Discrete Mathematics,0,12,1,0,0,0,0,0,0,0,0,0,0,0,0,0,13,0,0,13,FY25,35,,
2025,Mathematics,MAT441,Multi-Variable Calculus,0,12,1,2,4,2,2,0,0,0,0,0,0,0,0,0,23,0,0,23,FY25,36,,
2025,Mathematics,MAT442,Multi-Variable Calculus,0,20,15,5,6,4,0,3,1,1,0,0,0,0,0,0,55,0,0,55,FY25,37,,
2025,Mathematics,MAT452,Differential Equations,0,49,1,2,4,0,2,0,2,0,0,2,0,0,0,0,60,2,0,62,FY25,38,,
2025,Mathematics,MAT473,Linear Algebra,0,42,9,9,4,5,2,0,1,0,0,1,0,0,0,0,72,1,0,73,FY25,39,,
2025,Mathematics,MAT474,Abstract Algebra,0,2,5,2,2,4,1,0,1,0,0,1,0,0,0,0,17,1,0,18,FY25,40,,
2025,Mathematics,MAT811,Independent Study in Mathematics,0,0,0,0,0,0,0,0,0,0,0,8,0,0,0,0,0,8,0,8,FY25,41,,
2025,Mathematics,MAT812,Independent Study in Mathematics,0,0,0,0,0,0,0,0,0,0,0,9,0,0,0,0,0,9,0,9,FY25,42,,
2025,English,ENG101,Literary Explorations I,0,67,66,35,29,9,2,7,1,0,0,0,0,1,0,0,216,1,0,217,FY25,43,,
2025,English,ENG102,Literary Explorations II,0,93,54,22,26,6,7,2,1,0,0,0,0,2,0,0,211,2,0,213,FY25,44,,
2025,English,ENG201a,Literary Explorations III: American,0,20,10,6,4,2,1,1,0,0,0,0,0,0,0,0,44,0,0,44,FY25,45,,
2025,English,ENG201b,Literary Explorations III: British,0,25,13,6,6,1,0,0,0,0,0,0,0,1,0,0,51,1,0,52,FY25,46,,
2025,English,ENG201c,Literary Explorations III: World,0,33,47,21,12,6,3,1,2,1,0,0,0,2,0,0,126,2,0,128,FY25,47,,
2025,English,ENG212,Creative Writing Workshop,0,45,20,6,7,1,1,0,0,0,0,0,0,0,0,0,80,0,0,80,FY25,48,,
2025,English,ENG242,Modern Theater,0,4,7,3,1,1,0,2,0,0,0,0,0,0,0,1,18,1,0,19,FY25,49,,
2025,English,ENG301,Modern World Fiction,0,25,11,7,1,1,1,0,0,0,0,0,0,0,0,0,46,0,0,46,FY25,50,,
2025,English,ENG315,Shakespeare,0,14,1,2,1,0,0,1,0,0,0,0,0,0,0,0,19,0,0,19,FY25,51,,
2025,English,ENG325,Digital Literary Studies,0,22,13,5,3,2,2,1,0,0,0,0,0,0,0,0,48,0,0,48,FY25,52,,
2025,English,ENG341,Gender Studies,0,33,10,3,1,2,1,0,0,0,0,0,0,0,0,0,50,0,0,50,FY25,53,,
2025,English,ENG351,Graphic Novels: Image and Text,0,12,16,7,7,1,1,1,1,1,0,0,0,0,0,0,47,0,0,47,FY25,54,,
2025,English,ENG365,Speculative Fiction Studies,0,25,27,15,16,4,0,3,0,0,0,0,0,1,0,0,90,1,0,91,FY25,55,,
2025,English,ENG401b,Authors & Topics: Satire,0,10,32,24,10,7,2,0,1,2,0,0,0,0,0,0,88,0,0,88,FY25,56,,
2025,English,ENG401e,Authors & Topics: Banned Books,0,6,21,9,4,6,0,2,1,1,0,0,0,0,0,0,50,0,0,50,FY25,57,,
2025,English,ENG401f,Authors & Topics: Literary Adaptations,0,64,18,6,5,2,1,1,1,1,0,0,0,0,0,0,99,0,0,99,FY25,58,,
2025,English,ENG512,Victorian Fiction,0,1,6,6,5,1,0,0,0,0,0,0,0,0,0,0,19,0,0,19,FY25,59,,
2025,Fine Arts,FAR100,Concert Band,0,37,1,1,0,0,0,0,0,0,0,0,0,0,0,0,39,0,0,39,FY25,60,,
2025,Fine Arts,FAR110,Wind Ensemble,0,45,1,1,0,0,0,0,0,0,0,0,0,1,0,0,47,1,0,48,FY25,61,,
2025,Fine Arts,FAR120,String Orchestra,0,17,1,0,0,0,0,0,0,0,0,0,0,0,0,0,18,0,0,18,FY25,62,,
2025,Fine Arts,FAR130,Chamber Strings,0,32,0,0,0,0,0,0,0,0,0,0,0,0,0,0,32,0,0,32,FY25,63,,
2025,Fine Arts,FAR200,Concert Choir,0,21,1,0,0,0,0,0,0,0,0,0,0,0,0,0,22,0,0,22,FY25,64,,
2025,Fine Arts,FAR210,Chamber Choir,0,24,0,0,0,0,0,0,0,0,0,0,0,0,0,0,24,0,0,24,FY25,65,,
2025,Fine Arts,FAR411,Observational Drawing,0,15,2,0,0,0,0,0,0,0,0,0,0,0,0,0,17,0,0,17,FY25,66,,
2025,Fine Arts,FAR416,Digital Photography,0,61,6,2,6,3,0,3,2,0,0,0,0,0,0,0,83,0,0,83,FY25,67,,
2025,Fine Arts,FAR421,Scientific Illustration,0,15,0,0,1,0,0,0,0,0,0,0,0,0,0,0,16,0,0,16,FY25,68,,
2025,Fine Arts,FAR450,3D Design Foundations,0,15,0,0,0,0,0,0,0,0,0,0,0,0,0,0,15,0,0,15,FY25,69,,
2025,Fine Arts,FAR452,Graphic Design & Technology,0,14,5,2,0,0,1,0,1,0,0,0,0,0,0,0,23,0,0,23,FY25,70,,
2025,Fine Arts,FAR812,Independent Study in Art,0,0,0,0,0,0,0,0,0,0,0,0,0,0,0,0,0,0,1,1,FY25,71,Includes counts in an unlabeled workbook column; excluded from GPA charts.,1
2025,History and Social Sciences,HSS100,American Studies,0,60,67,38,20,13,8,2,4,1,0,0,0,3,0,0,213,3,0,216,FY25,72,,
2025,History and Social Sciences,HSS201a,Ancient World Religion and Philosophy,0,37,17,10,10,5,1,1,1,3,0,0,0,4,0,0,85,4,0,89,FY25,73,,
2025,History and Social Sciences,HSS201b,Conflict in World History,0,20,17,7,10,3,1,0,0,0,0,0,0,0,0,0,58,0,0,58,FY25,74,,
2025,History and Social Sciences,HSS201i,Revolutions,0,39,15,5,10,2,3,2,0,0,0,0,0,0,0,0,76,0,0,76,FY25,75,,
2025,History and Social Sciences,HSS202,The World in the Twentieth Century,0,99,52,23,21,7,4,5,4,6,0,0,0,1,0,0,221,1,0,222,FY25,76,,
2025,History and Social Sciences,HSS311,Political Theory,0,8,8,1,2,1,0,0,0,1,0,0,0,0,0,0,21,0,0,21,FY25,77,,
2025,History and Social Sciences,HSS325,Modern Economics,0,58,26,9,5,2,1,0,0,0,0,0,0,0,0,0,101,0,0,101,FY25,78,,
2025,History and Social Sciences,HSS326,Modern Economics,0,18,27,8,2,0,0,0,0,0,0,0,0,0,0,0,55,0,0,55,FY25,79,,
2025,History and Social Sciences,HSS335,America in the Contemporary World,0,12,9,2,1,1,0,0,0,0,0,0,0,0,0,0,25,0,0,25,FY25,80,,
2025,History and Social Sciences,HSS343,History of Biology and Medicine,0,11,14,11,3,2,0,1,0,1,0,0,0,0,0,0,43,0,0,43,FY25,81,,
2025,History and Social Sciences,HSS352,History of Technology and Culture,0,10,17,5,4,0,0,1,0,0,0,0,0,0,0,0,37,0,0,37,FY25,82,,
2025,History and Social Sciences,HSS361,US Government and the Constitution,0,33,9,7,2,2,0,0,0,0,0,0,0,0,0,0,53,0,0,53,FY25,83,,
2025,History and Social Sciences,HSS380,China in the World,0,50,10,1,3,4,1,3,0,0,0,0,0,0,0,0,72,0,0,72,FY25,84,,
2025,History and Social Sciences,HSS394,"Modern Conflict, Insurgency & Terrorism",0,15,11,3,6,0,0,0,0,1,0,0,0,0,0,0,36,0,0,36,FY25,85,,
2025,History and Social Sciences,HSS801,Independent Study in History/Social Sci,0,0,0,0,0,0,0,0,0,0,0,11,1,0,0,0,0,12,0,12,FY25,86,,
2025,History and Social Sciences,HSS802,Independent Study in History/Social Sci,0,0,0,0,0,0,0,0,0,0,0,6,0,0,0,0,0,6,0,6,FY25,87,,
2025,Science,SCI105,Scientific Inquiries - Chemistry,0,72,33,20,24,14,12,17,10,5,0,0,0,1,0,0,207,1,0,208,FY25,88,,
2025,Science,SCI115,Scientific Inquiries - Physics,0,97,41,22,30,7,5,0,0,1,0,0,0,1,0,0,203,1,0,204,FY25,89,,
2025,Science,SCI135,Methods in Scientific Inquiry,0,111,36,20,15,15,6,7,2,0,0,0,0,3,0,0,212,3,0,215,FY25,90,,
2025,Science,SCI201,Adv. Chemistry--Structure and Properties,0,10,12,11,19,8,3,9,1,3,0,0,0,0,0,0,76,0,0,76,FY25,91,,
2025,Science,SCI202,Advanced Chemistry--Chemical Reactions,0,27,17,3,8,2,3,2,5,0,0,0,0,0,0,0,67,0,0,67,FY25,92,,
2025,Science,SCI205,The Physical Chemistry of Materials,0,3,2,3,3,2,0,0,0,0,0,1,0,0,0,0,13,1,0,14,FY25,93,,
2025,Science,SCI215,Organic Chemistry I,0,34,20,9,11,6,3,6,2,0,0,0,0,1,0,0,91,1,0,92,FY25,94,,
2025,Science,SCI222,Organic Chemistry II,0,29,15,5,12,5,1,2,0,1,0,0,0,1,0,0,70,1,0,71,FY25,95,,
2025,Science,SCI235,Biochemistry,0,33,29,7,5,8,1,4,1,0,0,0,0,1,0,0,88,1,0,89,FY25,96,,
2025,Science,SCI245,Environmental Chemistry,0,28,5,2,7,2,0,0,0,0,0,1,0,0,0,0,44,1,0,45,FY25,97,,
2025,Science,SCI316,Electronics,0,15,14,2,9,2,5,1,0,0,0,0,0,0,0,0,48,0,0,48,FY25,98,,
2025,Science,SCI402,Physics: Sound and Light,0,33,10,1,4,1,1,1,0,0,0,1,0,1,0,0,51,2,0,53,FY25,99,,
2025,Science,SCI411,Physics: Calculus-based Mechanics,0,56,16,11,8,0,1,0,0,0,0,0,0,0,0,0,92,0,0,92,FY25,100,,
2025,Science,SCI412,Physics: Calculus-based Elec & Magnetism,0,50,13,3,4,2,0,0,0,0,0,0,0,0,0,0,72,0,0,72,FY25,101,,
2025,Science,SCI425,Planetary Science,0,3,13,9,9,1,3,0,0,0,0,0,0,0,0,0,38,0,0,38,FY25,102,,
2025,Science,SCI445,Modern Physics,0,3,9,8,8,6,4,5,1,0,0,0,0,0,0,0,44,0,0,44,FY25,103,,
2025,Science,SCI456,Introduction to Engineering,0,46,10,3,7,0,2,3,0,0,0,0,0,0,0,0,71,0,0,71,FY25,104,,
2025,Science,SCI465,Biophysics,0,3,11,3,2,0,0,0,0,0,0,0,0,0,0,0,19,0,0,19,FY25,105,,
2025,Science,SCI505,Computational Science,0,19,11,10,3,2,1,0,0,3,0,0,0,0,0,0,49,0,0,49,FY25,106,,
2025,Science,SCI601,Biology: Evolution & Environment,0,24,14,1,3,2,1,0,2,1,0,0,0,0,0,0,48,0,1,49,FY25,107,Includes counts in an unlabeled workbook column; excluded from GPA charts.,1
2025,Science,SCI602,Biology: Evolution & Environment,0,19,3,2,3,1,0,1,0,0,0,0,0,0,0,0,29,0,0,29,FY25,108,,
2025,Science,SCI603,Biology: Molecular & Cellular,0,80,21,10,12,5,3,1,0,0,0,0,0,1,0,0,132,1,0,133,FY25,109,,
2025,Science,SCI604,Biology: Molecular & Cellular,0,26,2,1,2,1,0,0,0,0,0,0,0,1,0,0,32,1,0,33,FY25,110,,
2025,Science,SCI605,"Evolution, Biodiversity, and Ecology",0,8,2,0,1,0,1,1,0,0,0,0,0,0,0,0,13,0,0,13,FY25,111,,
2025,Science,SCI616,Cancer Biology,0,42,0,0,4,0,0,3,0,1,0,0,0,0,0,0,50,0,0,50,FY25,112,,
2025,Science,SCI626,Environmental Microbiology,0,26,6,1,2,1,1,1,0,0,0,0,0,0,0,0,38,0,0,38,FY25,113,,
2025,Science,SCI636,Pathophysiology,0,40,6,3,4,1,2,1,2,1,0,0,0,0,0,1,60,1,0,61,FY25,114,,
2025,Science,SCI645,Biology of Behavior,0,26,1,4,2,2,2,1,1,1,0,0,0,0,0,0,40,0,0,40,FY25,115,,
2025,Science,SCI811,Independent Study in Chemistry,0,0,0,0,0,0,0,0,0,0,0,2,0,0,0,0,0,2,0,2,FY25,116,,
2025,Science,SCI812,Independent Study in Chemistry,0,0,0,0,0,0,0,0,0,0,0,3,0,0,0,0,0,3,0,3,FY25,117,,
2025,Science,SCI821,Independent Study in Physics,0,0,0,0,0,0,0,0,0,0,0,1,0,0,0,0,0,1,0,1,FY25,118,,
2025,Science,SCI822,Independent Study in Physics,0,0,0,0,0,0,0,0,0,0,0,1,0,0,0,0,0,1,0,1,FY25,119,,
2025,Science,SCI831,Independent Study in Biology,0,0,0,0,0,0,0,0,0,0,0,6,0,0,0,0,0,6,2,8,FY25,120,Includes counts in an unlabeled workbook column; excluded from GPA charts.,2
2025,Science,SCI832,Independent Study in Biology,0,0,0,0,0,0,0,0,0,0,0,8,0,0,0,0,0,8,0,8,FY25,121,,
2025,Wellness,WEL110,Foundations of Healthy Living,0,105,0,0,73,0,0,33,0,0,0,0,0,1,0,0,211,1,0,212,FY25,122,,
2025,Wellness,WEL231,Outdoor and Indoor Games,0,80,0,0,3,0,0,1,0,0,0,0,0,0,0,0,84,0,0,84,FY25,123,,
2025,Wellness,WEL251,Stress Management for Life,0,10,0,0,4,0,0,3,0,0,0,0,0,0,0,0,17,0,0,17,FY25,124,,
2025,Wellness,WEL312,Dance,0,25,0,0,8,0,0,5,0,0,0,0,0,1,0,0,38,1,0,39,FY25,125,,
2025,Wellness,WEL410,Psychology of Sport,0,13,0,0,0,0,0,0,0,0,0,0,0,0,0,0,13,0,0,13,FY25,126,,
2025,Wellness,WEL525,Movement and Relaxation,0,13,0,0,9,0,0,4,0,0,0,0,0,0,0,0,26,0,0,26,FY25,127,,
